<?xml version="1.0" encoding="UTF-8"?>
<project-private xmlns="http://www.netbeans.org/ns/project-private/1">
    <editor-bookmarks xmlns="http://www.netbeans.org/ns/editor-bookmarks/2" lastBookmarkId="0"/>
    <open-files xmlns="http://www.netbeans.org/ns/projectui-open-files/2">
        <group>
            <file>file:/E:/Documents/NetBeansProjects/miPrimerAplicacion1.1/src/Formulario/login.java</file>
            <file>file:/E:/Documents/NetBeansProjects/miPrimerAplicacion1.1/src/Formulario/menu.java</file>
            <file>file:/E:/Documents/NetBeansProjects/miPrimerAplicacion1.1/src/Formulario/inicio.java</file>
            <file>file:/E:/Documents/NetBeansProjects/miPrimerAplicacion1.1/src/Formulario/cuadrado.java</file>
            <file>file:/E:/Documents/NetBeansProjects/miPrimerAplicacion1.1/src/Formulario/resta.java</file>
        </group>
    </open-files>
</project-private>
